id,name,meta
1011,Bruce Banner,"[{'platform': 'pc', 'mode': 'quickplay', 'rank': 'all', 'appearance_rate': '8.98', 'win_rate': '51.87'}, {'platform': 'pc', 'mode': 'competitive', 'rank': 'all', 'appearance_rate': '7.08', 'win_rate': '51.59'}, {'platform': 'pc', 'mode': 'competitive', 'rank': 'bronze', 'appearance_rate': '7.97', 'win_rate': '50.38'}, {'platform': 'pc', 'mode': 'competitive', 'rank': 'celestial and above', 'appearance_rate': '6.68', 'win_rate': '54.66'}, {'platform': 'pc', 'mode': 'competitive', 'rank': 'diamond', 'appearance_rate': '5.46', 'win_rate': '53.81'}, {'platform': 'pc', 'mode': 'competitive', 'rank': 'gold', 'appearance_rate': '7.27', 'win_rate': '51.43'}, {'platform': 'pc', 'mode': 'competitive', 'rank': 'grandmaster', 'appearance_rate': '4.47', 'win_rate': '54.49'}, {'platform': 'pc', 'mode': 'competitive', 'rank': 'platinum', 'appearance_rate': '7.02', 'win_rate': '52.31'}, {'platform': 'pc', 'mode': 'competitive', 'rank': 'silver', 'appearance_rate': '7.56', 'win_rate': '50.88'}, {'platform': 'console', 'mode': 'quickplay', 'rank': 'all', 'appearance_rate': '10.93', 'win_rate': '50.54'}, {'platform': 'console', 'mode': 'competitive', 'rank': 'all', 'appearance_rate': '8.88', 'win_rate': '52.12'}, {'platform': 'console', 'mode': 'competitive', 'rank': 'bronze', 'appearance_rate': '10.12', 'win_rate': '51.09'}, {'platform': 'console', 'mode': 'competitive', 'rank': 'celestial and above', 'appearance_rate': '6.59', 'win_rate': '55.24'}, {'platform': 'console', 'mode': 'competitive', 'rank': 'diamond', 'appearance_rate': '6.95', 'win_rate': '53.94'}, {'platform': 'console', 'mode': 'competitive', 'rank': 'gold', 'appearance_rate': '9.29', 'win_rate': '51.75'}, {'platform': 'console', 'mode': 'competitive', 'rank': 'grandmaster', 'appearance_rate': '4.90', 'win_rate': '54.80'}, {'platform': 'console', 'mode': 'competitive', 'rank': 'platinum', 'appearance_rate': '9.30', 'win_rate': '52.51'}, {'platform': 'console', 'mode': 'competitive', 'rank': 'silver', 'appearance_rate': '9.52', 'win_rate': '51.43'}]"
1014,The Punisher,"[{'platform': 'pc', 'mode': 'quickplay', 'rank': 'all', 'appearance_rate': '7.58', 'win_rate': '48.32'}, {'platform': 'pc', 'mode': 'competitive', 'rank': 'all', 'appearance_rate': '10.07', 'win_rate': '48.00'}, {'platform': 'pc', 'mode': 'competitive', 'rank': 'bronze', 'appearance_rate': '10.35', 'win_rate': '46.77'}, {'platform': 'pc', 'mode': 'competitive', 'rank': 'celestial and above', 'appearance_rate': '6.20', 'win_rate': '46.84'}, {'platform': 'pc', 'mode': 'competitive', 'rank': 'diamond', 'appearance_rate': '9.58', 'win_rate': '48.63'}, {'platform': 'pc', 'mode': 'competitive', 'rank': 'gold', 'appearance_rate': '10.29', 'win_rate': '48.37'}, {'platform': 'pc', 'mode': 'competitive', 'rank': 'grandmaster', 'appearance_rate': '8.29', 'win_rate': '48.28'}, {'platform': 'pc', 'mode': 'competitive', 'rank': 'platinum', 'appearance_rate': '9.96', 'win_rate': '48.71'}, {'platform': 'pc', 'mode': 'competitive', 'rank': 'silver', 'appearance_rate': '10.29', 'win_rate': '47.71'}, {'platform': 'console', 'mode': 'quickplay', 'rank': 'all', 'appearance_rate': '7.82', 'win_rate': '45.27'}, {'platform': 'console', 'mode': 'competitive', 'rank': 'all', 'appearance_rate': '7.88', 'win_rate': '45.83'}, {'platform': 'console', 'mode': 'competitive', 'rank': 'bronze', 'appearance_rate': '9.79', 'win_rate': '45.06'}, {'platform': 'console', 'mode': 'competitive', 'rank': 'celestial and above', 'appearance_rate': '3.53', 'win_rate': '43.70'}, {'platform': 'console', 'mode': 'competitive', 'rank': 'diamond', 'appearance_rate': '6.51', 'win_rate': '46.18'}, {'platform': 'console', 'mode': 'competitive', 'rank': 'gold', 'appearance_rate': '7.75', 'win_rate': '46.14'}, {'platform': 'console', 'mode': 'competitive', 'rank': 'grandmaster', 'appearance_rate': '5.22', 'win_rate': '45.86'}, {'platform': 'console', 'mode': 'competitive', 'rank': 'platinum', 'appearance_rate': '7.10', 'win_rate': '46.40'}, {'platform': 'console', 'mode': 'competitive', 'rank': 'silver', 'appearance_rate': '8.57', 'win_rate': '45.65'}]"
1015,Storm,"[{'platform': 'pc', 'mode': 'quickplay', 'rank': 'all', 'appearance_rate': '3.73', 'win_rate': '58.11'}, {'platform': 'pc', 'mode': 'competitive', 'rank': 'all', 'appearance_rate': '5.49', 'win_rate': '57.48'}, {'platform': 'pc', 'mode': 'competitive', 'rank': 'bronze', 'appearance_rate': '3.39', 'win_rate': '58.35'}, {'platform': 'pc', 'mode': 'competitive', 'rank': 'celestial and above', 'appearance_rate': '6.54', 'win_rate': '54.68'}, {'platform': 'pc', 'mode': 'competitive', 'rank': 'diamond', 'appearance_rate': '5.79', 'win_rate': '56.42'}, {'platform': 'pc', 'mode': 'competitive', 'rank': 'gold', 'appearance_rate': '6.21', 'win_rate': '57.71'}, {'platform': 'pc', 'mode': 'competitive', 'rank': 'grandmaster', 'appearance_rate': '4.69', 'win_rate': '55.87'}, {'platform': 'pc', 'mode': 'competitive', 'rank': 'platinum', 'appearance_rate': '7.05', 'win_rate': '56.97'}, {'platform': 'pc', 'mode': 'competitive', 'rank': 'silver', 'appearance_rate': '5.08', 'win_rate': '58.25'}, {'platform': 'console', 'mode': 'quickplay', 'rank': 'all', 'appearance_rate': '3.31', 'win_rate': '55.10'}, {'platform': 'console', 'mode': 'competitive', 'rank': 'all', 'appearance_rate': '5.04', 'win_rate': '57.24'}, {'platform': 'console', 'mode': 'competitive', 'rank': 'bronze', 'appearance_rate': '2.80', 'win_rate': '56.43'}, {'platform': 'console', 'mode': 'competitive', 'rank': 'celestial and above', 'appearance_rate': '6.30', 'win_rate': '55.45'}, {'platform': 'console', 'mode': 'competitive', 'rank': 'diamond', 'appearance_rate': '5.92', 'win_rate': '57.08'}, {'platform': 'console', 'mode': 'competitive', 'rank': 'gold', 'appearance_rate': '5.52', 'win_rate': '57.56'}, {'platform': 'console', 'mode': 'competitive', 'rank': 'grandmaster', 'appearance_rate': '5.00', 'win_rate': '57.03'}, {'platform': 'console', 'mode': 'competitive', 'rank': 'platinum', 'appearance_rate': '6.72', 'win_rate': '57.24'}, {'platform': 'console', 'mode': 'competitive', 'rank': 'silver', 'appearance_rate': '4.21', 'win_rate': '57.51'}]"
1016,Loki,"[{'platform': 'pc', 'mode': 'quickplay', 'rank': 'all', 'appearance_rate': '8.22', 'win_rate': '52.55'}, {'platform': 'pc', 'mode': 'competitive', 'rank': 'all', 'appearance_rate': '5.98', 'win_rate': '52.10'}, {'platform': 'pc', 'mode': 'competitive', 'rank': 'bronze', 'appearance_rate': '6.40', 'win_rate': '52.27'}, {'platform': 'pc', 'mode': 'competitive', 'rank': 'celestial and above', 'appearance_rate': '13.12', 'win_rate': '52.85'}, {'platform': 'pc', 'mode': 'competitive', 'rank': 'diamond', 'appearance_rate': '6.41', 'win_rate': '51.63'}, {'platform': 'pc', 'mode': 'competitive', 'rank': 'gold', 'appearance_rate': '5.57', 'win_rate': '52.14'}, {'platform': 'pc', 'mode': 'competitive', 'rank': 'grandmaster', 'appearance_rate': '8.79', 'win_rate': '51.82'}, {'platform': 'pc', 'mode': 'competitive', 'rank': 'platinum', 'appearance_rate': '5.38', 'win_rate': '52.12'}, {'platform': 'pc', 'mode': 'competitive', 'rank': 'silver', 'appearance_rate': '5.78', 'win_rate': '52.26'}, {'platform': 'console', 'mode': 'quickplay', 'rank': 'all', 'appearance_rate': '8.53', 'win_rate': '51.65'}, {'platform': 'console', 'mode': 'competitive', 'rank': 'all', 'appearance_rate': '7.11', 'win_rate': '51.50'}, {'platform': 'console', 'mode': 'competitive', 'rank': 'bronze', 'appearance_rate': '7.24', 'win_rate': '51.80'}, {'platform': 'console', 'mode': 'competitive', 'rank': 'celestial and above', 'appearance_rate': '12.55', 'win_rate': '52.08'}, {'platform': 'console', 'mode': 'competitive', 'rank': 'diamond', 'appearance_rate': '7.91', 'win_rate': '51.09'}, {'platform': 'console', 'mode': 'competitive', 'rank': 'gold', 'appearance_rate': '6.63', 'win_rate': '51.57'}, {'platform': 'console', 'mode': 'competitive', 'rank': 'grandmaster', 'appearance_rate': '9.80', 'win_rate': '50.86'}, {'platform': 'console', 'mode': 'competitive', 'rank': 'platinum', 'appearance_rate': '6.59', 'win_rate': '51.66'}, {'platform': 'console', 'mode': 'competitive', 'rank': 'silver', 'appearance_rate': '6.76', 'win_rate': '51.57'}]"
1017,Human Torch,
1018,Doctor Strange,"[{'platform': 'pc', 'mode': 'quickplay', 'rank': 'all', 'appearance_rate': '15.50', 'win_rate': '50.72'}, {'platform': 'pc', 'mode': 'competitive', 'rank': 'all', 'appearance_rate': '24.59', 'win_rate': '51.14'}, {'platform': 'pc', 'mode': 'competitive', 'rank': 'bronze', 'appearance_rate': '17.70', 'win_rate': '50.25'}, {'platform': 'pc', 'mode': 'competitive', 'rank': 'celestial and above', 'appearance_rate': '37.20', 'win_rate': '51.48'}, {'platform': 'pc', 'mode': 'competitive', 'rank': 'diamond', 'appearance_rate': '32.61', 'win_rate': '51.77'}, {'platform': 'pc', 'mode': 'competitive', 'rank': 'gold', 'appearance_rate': '23.93', 'win_rate': '51.07'}, {'platform': 'pc', 'mode': 'competitive', 'rank': 'grandmaster', 'appearance_rate': '35.68', 'win_rate': '51.64'}, {'platform': 'pc', 'mode': 'competitive', 'rank': 'platinum', 'appearance_rate': '28.16', 'win_rate': '51.46'}, {'platform': 'pc', 'mode': 'competitive', 'rank': 'silver', 'appearance_rate': '20.71', 'win_rate': '50.68'}, {'platform': 'console', 'mode': 'quickplay', 'rank': 'all', 'appearance_rate': '14.46', 'win_rate': '49.46'}, {'platform': 'console', 'mode': 'competitive', 'rank': 'all', 'appearance_rate': '21.69', 'win_rate': '51.73'}, {'platform': 'console', 'mode': 'competitive', 'rank': 'bronze', 'appearance_rate': '15.56', 'win_rate': '50.71'}, {'platform': 'console', 'mode': 'competitive', 'rank': 'celestial and above', 'appearance_rate': '37.67', 'win_rate': '51.50'}, {'platform': 'console', 'mode': 'competitive', 'rank': 'diamond', 'appearance_rate': '28.08', 'win_rate': '52.30'}, {'platform': 'console', 'mode': 'competitive', 'rank': 'gold', 'appearance_rate': '20.04', 'win_rate': '51.60'}, {'platform': 'console', 'mode': 'competitive', 'rank': 'grandmaster', 'appearance_rate': '32.54', 'win_rate': '51.90'}, {'platform': 'console', 'mode': 'competitive', 'rank': 'platinum', 'appearance_rate': '23.75', 'win_rate': '52.07'}, {'platform': 'console', 'mode': 'competitive', 'rank': 'silver', 'appearance_rate': '17.58', 'win_rate': '51.24'}]"
1020,Mantis,"[{'platform': 'pc', 'mode': 'quickplay', 'rank': 'all', 'appearance_rate': '10.24', 'win_rate': '55.65'}, {'platform': 'pc', 'mode': 'competitive', 'rank': 'all', 'appearance_rate': '8.56', 'win_rate': '52.44'}, {'platform': 'pc', 'mode': 'competitive', 'rank': 'bronze', 'appearance_rate': '11.29', 'win_rate': '52.70'}, {'platform': 'pc', 'mode': 'competitive', 'rank': 'celestial and above', 'appearance_rate': '8.20', 'win_rate': '50.99'}, {'platform': 'pc', 'mode': 'competitive', 'rank': 'diamond', 'appearance_rate': '7.01', 'win_rate': '51.18'}, {'platform': 'pc', 'mode': 'competitive', 'rank': 'gold', 'appearance_rate': '8.15', 'win_rate': '52.73'}, {'platform': 'pc', 'mode': 'competitive', 'rank': 'grandmaster', 'appearance_rate': '7.80', 'win_rate': '50.73'}, {'platform': 'pc', 'mode': 'competitive', 'rank': 'platinum', 'appearance_rate': '6.72', 'win_rate': '52.47'}, {'platform': 'pc', 'mode': 'competitive', 'rank': 'silver', 'appearance_rate': '9.70', 'win_rate': '52.73'}, {'platform': 'console', 'mode': 'quickplay', 'rank': 'all', 'appearance_rate': '9.15', 'win_rate': '54.40'}, {'platform': 'console', 'mode': 'competitive', 'rank': 'all', 'appearance_rate': '8.62', 'win_rate': '52.27'}, {'platform': 'console', 'mode': 'competitive', 'rank': 'bronze', 'appearance_rate': '10.77', 'win_rate': '52.97'}, {'platform': 'console', 'mode': 'competitive', 'rank': 'celestial and above', 'appearance_rate': '6.86', 'win_rate': '51.15'}, {'platform': 'console', 'mode': 'competitive', 'rank': 'diamond', 'appearance_rate': '7.02', 'win_rate': '51.08'}, {'platform': 'console', 'mode': 'competitive', 'rank': 'gold', 'appearance_rate': '8.77', 'win_rate': '52.50'}, {'platform': 'console', 'mode': 'competitive', 'rank': 'grandmaster', 'appearance_rate': '7.00', 'win_rate': '50.58'}, {'platform': 'console', 'mode': 'competitive', 'rank': 'platinum', 'appearance_rate': '7.22', 'win_rate': '52.08'}, {'platform': 'console', 'mode': 'competitive', 'rank': 'silver', 'appearance_rate': '10.01', 'win_rate': '52.56'}]"
1021,Hawkeye,"[{'platform': 'pc', 'mode': 'quickplay', 'rank': 'all', 'appearance_rate': '3.26', 'win_rate': '44.63'}, {'platform': 'pc', 'mode': 'competitive', 'rank': 'all', 'appearance_rate': '2.14', 'win_rate': '44.28'}, {'platform': 'pc', 'mode': 'competitive', 'rank': 'bronze', 'appearance_rate': '3.18', 'win_rate': '44.96'}, {'platform': 'pc', 'mode': 'competitive', 'rank': 'celestial and above', 'appearance_rate': '1.95', 'win_rate': '45.00'}, {'platform': 'pc', 'mode': 'competitive', 'rank': 'diamond', 'appearance_rate': '1.64', 'win_rate': '43.24'}, {'platform': 'pc', 'mode': 'competitive', 'rank': 'gold', 'appearance_rate': '1.90', 'win_rate': '43.93'}, {'platform': 'pc', 'mode': 'competitive', 'rank': 'grandmaster', 'appearance_rate': '1.73', 'win_rate': '43.73'}, {'platform': 'pc', 'mode': 'competitive', 'rank': 'platinum', 'appearance_rate': '1.63', 'win_rate': '43.38'}, {'platform': 'pc', 'mode': 'competitive', 'rank': 'silver', 'appearance_rate': '2.30', 'win_rate': '44.76'}, {'platform': 'console', 'mode': 'quickplay', 'rank': 'all', 'appearance_rate': '2.82', 'win_rate': '42.06'}, {'platform': 'console', 'mode': 'competitive', 'rank': 'all', 'appearance_rate': '1.67', 'win_rate': '42.45'}, {'platform': 'console', 'mode': 'competitive', 'rank': 'bronze', 'appearance_rate': '2.91', 'win_rate': '42.82'}, {'platform': 'console', 'mode': 'competitive', 'rank': 'celestial and above', 'appearance_rate': '1.10', 'win_rate': '43.14'}, {'platform': 'console', 'mode': 'competitive', 'rank': 'diamond', 'appearance_rate': '1.03', 'win_rate': '41.74'}, {'platform': 'console', 'mode': 'competitive', 'rank': 'gold', 'appearance_rate': '1.45', 'win_rate': '42.39'}, {'platform': 'console', 'mode': 'competitive', 'rank': 'grandmaster', 'appearance_rate': '1.03', 'win_rate': '42.19'}, {'platform': 'console', 'mode': 'competitive', 'rank': 'platinum', 'appearance_rate': '1.14', 'win_rate': '41.83'}, {'platform': 'console', 'mode': 'competitive', 'rank': 'silver', 'appearance_rate': '1.88', 'win_rate': '42.64'}]"
1022,Captain America,"[{'platform': 'pc', 'mode': 'quickplay', 'rank': 'all', 'appearance_rate': '9.98', 'win_rate': '53.45'}, {'platform': 'pc', 'mode': 'competitive', 'rank': 'all', 'appearance_rate': '5.09', 'win_rate': '51.07'}, {'platform': 'pc', 'mode': 'competitive', 'rank': 'bronze', 'appearance_rate': '7.02', 'win_rate': '50.88'}, {'platform': 'pc', 'mode': 'competitive', 'rank': 'celestial and above', 'appearance_rate': '2.50', 'win_rate': '50.85'}, {'platform': 'pc', 'mode': 'competitive', 'rank': 'diamond', 'appearance_rate': '3.65', 'win_rate': '51.62'}, {'platform': 'pc', 'mode': 'competitive', 'rank': 'gold', 'appearance_rate': '4.94', 'win_rate': '51.10'}, {'platform': 'pc', 'mode': 'competitive', 'rank': 'grandmaster', 'appearance_rate': '3.36', 'win_rate': '51.44'}, {'platform': 'pc', 'mode': 'competitive', 'rank': 'platinum', 'appearance_rate': '4.14', 'win_rate': '51.39'}, {'platform': 'pc', 'mode': 'competitive', 'rank': 'silver', 'appearance_rate': '5.82', 'win_rate': '50.78'}, {'platform': 'console', 'mode': 'quickplay', 'rank': 'all', 'appearance_rate': '8.88', 'win_rate': '51.32'}, {'platform': 'console', 'mode': 'competitive', 'rank': 'all', 'appearance_rate': '4.66', 'win_rate': '50.38'}, {'platform': 'console', 'mode': 'competitive', 'rank': 'bronze', 'appearance_rate': '5.84', 'win_rate': '49.89'}, {'platform': 'console', 'mode': 'competitive', 'rank': 'celestial and above', 'appearance_rate': '3.33', 'win_rate': '52.33'}, {'platform': 'console', 'mode': 'competitive', 'rank': 'diamond', 'appearance_rate': '4.09', 'win_rate': '51.26'}, {'platform': 'console', 'mode': 'competitive', 'rank': 'gold', 'appearance_rate': '4.59', 'win_rate': '50.21'}, {'platform': 'console', 'mode': 'competitive', 'rank': 'grandmaster', 'appearance_rate': '4.16', 'win_rate': '52.10'}, {'platform': 'console', 'mode': 'competitive', 'rank': 'platinum', 'appearance_rate': '4.18', 'win_rate': '50.72'}, {'platform': 'console', 'mode': 'competitive', 'rank': 'silver', 'appearance_rate': '5.07', 'win_rate': '49.73'}]"
1023,Rocket Raccoon,"[{'platform': 'pc', 'mode': 'quickplay', 'rank': 'all', 'appearance_rate': '13.99', 'win_rate': '55.23'}, {'platform': 'pc', 'mode': 'competitive', 'rank': 'all', 'appearance_rate': '16.13', 'win_rate': '55.14'}, {'platform': 'pc', 'mode': 'competitive', 'rank': 'bronze', 'appearance_rate': '11.99', 'win_rate': '55.18'}, {'platform': 'pc', 'mode': 'competitive', 'rank': 'celestial and above', 'appearance_rate': '9.78', 'win_rate': '51.13'}, {'platform': 'pc', 'mode': 'competitive', 'rank': 'diamond', 'appearance_rate': '17.10', 'win_rate': '54.47'}, {'platform': 'pc', 'mode': 'competitive', 'rank': 'gold', 'appearance_rate': '17.87', 'win_rate': '55.42'}, {'platform': 'pc', 'mode': 'competitive', 'rank': 'grandmaster', 'appearance_rate': '14.44', 'win_rate': '53.37'}, {'platform': 'pc', 'mode': 'competitive', 'rank': 'platinum', 'appearance_rate': '18.20', 'win_rate': '55.22'}, {'platform': 'pc', 'mode': 'competitive', 'rank': 'silver', 'appearance_rate': '15.44', 'win_rate': '55.47'}, {'platform': 'console', 'mode': 'quickplay', 'rank': 'all', 'appearance_rate': '12.49', 'win_rate': '53.13'}, {'platform': 'console', 'mode': 'competitive', 'rank': 'all', 'appearance_rate': '14.19', 'win_rate': '54.67'}, {'platform': 'console', 'mode': 'competitive', 'rank': 'bronze', 'appearance_rate': '10.19', 'win_rate': '53.70'}, {'platform': 'console', 'mode': 'competitive', 'rank': 'celestial and above', 'appearance_rate': '11.03', 'win_rate': '52.54'}, {'platform': 'console', 'mode': 'competitive', 'rank': 'diamond', 'appearance_rate': '16.98', 'win_rate': '54.37'}, {'platform': 'console', 'mode': 'competitive', 'rank': 'gold', 'appearance_rate': '14.57', 'win_rate': '55.14'}, {'platform': 'console', 'mode': 'competitive', 'rank': 'grandmaster', 'appearance_rate': '15.33', 'win_rate': '54.06'}, {'platform': 'console', 'mode': 'competitive', 'rank': 'platinum', 'appearance_rate': '16.24', 'win_rate': '54.93'}, {'platform': 'console', 'mode': 'competitive', 'rank': 'silver', 'appearance_rate': '12.31', 'win_rate': '54.83'}]"
1024,Hela,"[{'platform': 'pc', 'mode': 'quickplay', 'rank': 'all', 'appearance_rate': '3.97', 'win_rate': '50.07'}, {'platform': 'pc', 'mode': 'competitive', 'rank': 'all', 'appearance_rate': '5.60', 'win_rate': '49.52'}, {'platform': 'pc', 'mode': 'competitive', 'rank': 'bronze', 'appearance_rate': '5.35', 'win_rate': '51.28'}, {'platform': 'pc', 'mode': 'competitive', 'rank': 'celestial and above', 'appearance_rate': '10.69', 'win_rate': '49.28'}, {'platform': 'pc', 'mode': 'competitive', 'rank': 'diamond', 'appearance_rate': '5.80', 'win_rate': '47.94'}, {'platform': 'pc', 'mode': 'competitive', 'rank': 'gold', 'appearance_rate': '5.56', 'win_rate': '49.38'}, {'platform': 'pc', 'mode': 'competitive', 'rank': 'grandmaster', 'appearance_rate': '7.14', 'win_rate': '48.64'}, {'platform': 'pc', 'mode': 'competitive', 'rank': 'platinum', 'appearance_rate': '5.48', 'win_rate': '48.29'}, {'platform': 'pc', 'mode': 'competitive', 'rank': 'silver', 'appearance_rate': '5.54', 'win_rate': '50.38'}, {'platform': 'console', 'mode': 'quickplay', 'rank': 'all', 'appearance_rate': '2.33', 'win_rate': '45.80'}, {'platform': 'console', 'mode': 'competitive', 'rank': 'all', 'appearance_rate': '2.68', 'win_rate': '47.76'}, {'platform': 'console', 'mode': 'competitive', 'rank': 'bronze', 'appearance_rate': '2.71', 'win_rate': '48.50'}, {'platform': 'console', 'mode': 'competitive', 'rank': 'celestial and above', 'appearance_rate': '4.67', 'win_rate': '48.01'}, {'platform': 'console', 'mode': 'competitive', 'rank': 'diamond', 'appearance_rate': '2.75', 'win_rate': '46.69'}, {'platform': 'console', 'mode': 'competitive', 'rank': 'gold', 'appearance_rate': '2.62', 'win_rate': '47.74'}, {'platform': 'console', 'mode': 'competitive', 'rank': 'grandmaster', 'appearance_rate': '3.17', 'win_rate': '47.32'}, {'platform': 'console', 'mode': 'competitive', 'rank': 'platinum', 'appearance_rate': '2.57', 'win_rate': '47.09'}, {'platform': 'console', 'mode': 'competitive', 'rank': 'silver', 'appearance_rate': '2.65', 'win_rate': '48.52'}]"
1025,Cloak & Dagger,"[{'platform': 'pc', 'mode': 'quickplay', 'rank': 'all', 'appearance_rate': '18.84', 'win_rate': '51.42'}, {'platform': 'pc', 'mode': 'competitive', 'rank': 'all', 'appearance_rate': '27.59', 'win_rate': '49.08'}, {'platform': 'pc', 'mode': 'competitive', 'rank': 'bronze', 'appearance_rate': '23.39', 'win_rate': '49.81'}, {'platform': 'pc', 'mode': 'competitive', 'rank': 'celestial and above', 'appearance_rate': '24.06', 'win_rate': '48.57'}, {'platform': 'pc', 'mode': 'competitive', 'rank': 'diamond', 'appearance_rate': '29.18', 'win_rate': '49.19'}, {'platform': 'pc', 'mode': 'competitive', 'rank': 'gold', 'appearance_rate': '28.45', 'win_rate': '48.79'}, {'platform': 'pc', 'mode': 'competitive', 'rank': 'grandmaster', 'appearance_rate': '26.01', 'win_rate': '49.23'}, {'platform': 'pc', 'mode': 'competitive', 'rank': 'platinum', 'appearance_rate': '30.48', 'win_rate': '48.86'}, {'platform': 'pc', 'mode': 'competitive', 'rank': 'silver', 'appearance_rate': '26.53', 'win_rate': '49.03'}, {'platform': 'console', 'mode': 'quickplay', 'rank': 'all', 'appearance_rate': '21.16', 'win_rate': '51.74'}, {'platform': 'console', 'mode': 'competitive', 'rank': 'all', 'appearance_rate': '29.69', 'win_rate': '50.00'}, {'platform': 'console', 'mode': 'competitive', 'rank': 'bronze', 'appearance_rate': '25.34', 'win_rate': '51.29'}, {'platform': 'console', 'mode': 'competitive', 'rank': 'celestial and above', 'appearance_rate': '24.14', 'win_rate': '49.59'}, {'platform': 'console', 'mode': 'competitive', 'rank': 'diamond', 'appearance_rate': '29.18', 'win_rate': '49.77'}, {'platform': 'console', 'mode': 'competitive', 'rank': 'gold', 'appearance_rate': '31.18', 'win_rate': '49.75'}, {'platform': 'console', 'mode': 'competitive', 'rank': 'grandmaster', 'appearance_rate': '24.80', 'win_rate': '49.80'}, {'platform': 'console', 'mode': 'competitive', 'rank': 'platinum', 'appearance_rate': '33.21', 'win_rate': '49.59'}, {'platform': 'console', 'mode': 'competitive', 'rank': 'silver', 'appearance_rate': '29.05', 'win_rate': '50.19'}]"
1026,Black Panther,"[{'platform': 'pc', 'mode': 'quickplay', 'rank': 'all', 'appearance_rate': '3.45', 'win_rate': '49.89'}, {'platform': 'pc', 'mode': 'competitive', 'rank': 'all', 'appearance_rate': '2.83', 'win_rate': '53.55'}, {'platform': 'pc', 'mode': 'competitive', 'rank': 'bronze', 'appearance_rate': '2.17', 'win_rate': '54.57'}, {'platform': 'pc', 'mode': 'competitive', 'rank': 'celestial and above', 'appearance_rate': '3.92', 'win_rate': '51.28'}, {'platform': 'pc', 'mode': 'competitive', 'rank': 'diamond', 'appearance_rate': '3.77', 'win_rate': '53.22'}, {'platform': 'pc', 'mode': 'competitive', 'rank': 'gold', 'appearance_rate': '2.75', 'win_rate': '53.36'}, {'platform': 'pc', 'mode': 'competitive', 'rank': 'grandmaster', 'appearance_rate': '4.72', 'win_rate': '52.51'}, {'platform': 'pc', 'mode': 'competitive', 'rank': 'platinum', 'appearance_rate': '3.08', 'win_rate': '52.90'}, {'platform': 'pc', 'mode': 'competitive', 'rank': 'silver', 'appearance_rate': '2.46', 'win_rate': '54.32'}, {'platform': 'console', 'mode': 'quickplay', 'rank': 'all', 'appearance_rate': '3.31', 'win_rate': '47.97'}, {'platform': 'console', 'mode': 'competitive', 'rank': 'all', 'appearance_rate': '2.51', 'win_rate': '52.64'}, {'platform': 'console', 'mode': 'competitive', 'rank': 'bronze', 'appearance_rate': '1.89', 'win_rate': '51.90'}, {'platform': 'console', 'mode': 'competitive', 'rank': 'celestial and above', 'appearance_rate': '5.08', 'win_rate': '51.95'}, {'platform': 'console', 'mode': 'competitive', 'rank': 'diamond', 'appearance_rate': '3.37', 'win_rate': '53.14'}, {'platform': 'console', 'mode': 'competitive', 'rank': 'gold', 'appearance_rate': '2.35', 'win_rate': '52.58'}, {'platform': 'console', 'mode': 'competitive', 'rank': 'grandmaster', 'appearance_rate': '4.79', 'win_rate': '53.05'}, {'platform': 'console', 'mode': 'competitive', 'rank': 'platinum', 'appearance_rate': '2.67', 'win_rate': '52.60'}, {'platform': 'console', 'mode': 'competitive', 'rank': 'silver', 'appearance_rate': '2.07', 'win_rate': '52.70'}]"
1027,Groot,"[{'platform': 'pc', 'mode': 'quickplay', 'rank': 'all', 'appearance_rate': '11.01', 'win_rate': '50.32'}, {'platform': 'pc', 'mode': 'competitive', 'rank': 'all', 'appearance_rate': '13.90', 'win_rate': '49.27'}, {'platform': 'pc', 'mode': 'competitive', 'rank': 'bronze', 'appearance_rate': '13.05', 'win_rate': '49.10'}, {'platform': 'pc', 'mode': 'competitive', 'rank': 'celestial and above', 'appearance_rate': '8.88', 'win_rate': '51.30'}, {'platform': 'pc', 'mode': 'competitive', 'rank': 'diamond', 'appearance_rate': '13.26', 'win_rate': '49.86'}, {'platform': 'pc', 'mode': 'competitive', 'rank': 'gold', 'appearance_rate': '14.62', 'win_rate': '49.17'}, {'platform': 'pc', 'mode': 'competitive', 'rank': 'grandmaster', 'appearance_rate': '11.67', 'win_rate': '50.50'}, {'platform': 'pc', 'mode': 'competitive', 'rank': 'platinum', 'appearance_rate': '14.29', 'win_rate': '49.38'}, {'platform': 'pc', 'mode': 'competitive', 'rank': 'silver', 'appearance_rate': '14.17', 'win_rate': '48.92'}, {'platform': 'console', 'mode': 'quickplay', 'rank': 'all', 'appearance_rate': '10.29', 'win_rate': '47.89'}, {'platform': 'console', 'mode': 'competitive', 'rank': 'all', 'appearance_rate': '12.44', 'win_rate': '48.29'}, {'platform': 'console', 'mode': 'competitive', 'rank': 'bronze', 'appearance_rate': '11.61', 'win_rate': '48.31'}, {'platform': 'console', 'mode': 'competitive', 'rank': 'celestial and above', 'appearance_rate': '9.72', 'win_rate': '49.62'}, {'platform': 'console', 'mode': 'competitive', 'rank': 'diamond', 'appearance_rate': '12.79', 'win_rate': '48.68'}, {'platform': 'console', 'mode': 'competitive', 'rank': 'gold', 'appearance_rate': '12.67', 'win_rate': '48.10'}, {'platform': 'console', 'mode': 'competitive', 'rank': 'grandmaster', 'appearance_rate': '12.28', 'win_rate': '49.39'}, {'platform': 'console', 'mode': 'competitive', 'rank': 'platinum', 'appearance_rate': '12.65', 'win_rate': '48.20'}, {'platform': 'console', 'mode': 'competitive', 'rank': 'silver', 'appearance_rate': '12.33', 'win_rate': '48.03'}]"
1029,Magik,"[{'platform': 'pc', 'mode': 'quickplay', 'rank': 'all', 'appearance_rate': '4.75', 'win_rate': '53.14'}, {'platform': 'pc', 'mode': 'competitive', 'rank': 'all', 'appearance_rate': '4.00', 'win_rate': '55.29'}, {'platform': 'pc', 'mode': 'competitive', 'rank': 'bronze', 'appearance_rate': '3.56', 'win_rate': '55.24'}, {'platform': 'pc', 'mode': 'competitive', 'rank': 'celestial and above', 'appearance_rate': '6.40', 'win_rate': '54.65'}, {'platform': 'pc', 'mode': 'competitive', 'rank': 'diamond', 'appearance_rate': '4.80', 'win_rate': '55.74'}, {'platform': 'pc', 'mode': 'competitive', 'rank': 'gold', 'appearance_rate': '3.83', 'win_rate': '55.14'}, {'platform': 'pc', 'mode': 'competitive', 'rank': 'grandmaster', 'appearance_rate': '6.14', 'win_rate': '55.49'}, {'platform': 'pc', 'mode': 'competitive', 'rank': 'platinum', 'appearance_rate': '4.05', 'win_rate': '55.19'}, {'platform': 'pc', 'mode': 'competitive', 'rank': 'silver', 'appearance_rate': '3.72', 'win_rate': '55.26'}, {'platform': 'console', 'mode': 'quickplay', 'rank': 'all', 'appearance_rate': '4.83', 'win_rate': '52.58'}, {'platform': 'console', 'mode': 'competitive', 'rank': 'all', 'appearance_rate': '5.43', 'win_rate': '56.29'}, {'platform': 'console', 'mode': 'competitive', 'rank': 'bronze', 'appearance_rate': '3.73', 'win_rate': '56.11'}, {'platform': 'console', 'mode': 'competitive', 'rank': 'celestial and above', 'appearance_rate': '11.74', 'win_rate': '55.36'}, {'platform': 'console', 'mode': 'competitive', 'rank': 'diamond', 'appearance_rate': '7.73', 'win_rate': '56.68'}, {'platform': 'console', 'mode': 'competitive', 'rank': 'gold', 'appearance_rate': '5.03', 'win_rate': '56.12'}, {'platform': 'console', 'mode': 'competitive', 'rank': 'grandmaster', 'appearance_rate': '10.38', 'win_rate': '56.30'}, {'platform': 'console', 'mode': 'competitive', 'rank': 'platinum', 'appearance_rate': '5.87', 'win_rate': '56.21'}, {'platform': 'console', 'mode': 'competitive', 'rank': 'silver', 'appearance_rate': '4.44', 'win_rate': '56.34'}]"
1030,Moon Knight,"[{'platform': 'pc', 'mode': 'quickplay', 'rank': 'all', 'appearance_rate': '8.99', 'win_rate': '49.09'}, {'platform': 'pc', 'mode': 'competitive', 'rank': 'all', 'appearance_rate': '12.54', 'win_rate': '47.54'}, {'platform': 'pc', 'mode': 'competitive', 'rank': 'bronze', 'appearance_rate': '12.22', 'win_rate': '48.86'}, {'platform': 'pc', 'mode': 'competitive', 'rank': 'celestial and above', 'appearance_rate': '5.50', 'win_rate': '42.32'}, {'platform': 'pc', 'mode': 'competitive', 'rank': 'diamond', 'appearance_rate': '11.18', 'win_rate': '45.83'}, {'platform': 'pc', 'mode': 'competitive', 'rank': 'gold', 'appearance_rate': '13.41', 'win_rate': '47.56'}, {'platform': 'pc', 'mode': 'competitive', 'rank': 'grandmaster', 'appearance_rate': '8.60', 'win_rate': '44.21'}, {'platform': 'pc', 'mode': 'competitive', 'rank': 'platinum', 'appearance_rate': '12.52', 'win_rate': '46.90'}, {'platform': 'pc', 'mode': 'competitive', 'rank': 'silver', 'appearance_rate': '13.39', 'win_rate': '48.12'}, {'platform': 'console', 'mode': 'quickplay', 'rank': 'all', 'appearance_rate': '9.58', 'win_rate': '47.98'}, {'platform': 'console', 'mode': 'competitive', 'rank': 'all', 'appearance_rate': '12.26', 'win_rate': '47.84'}, {'platform': 'console', 'mode': 'competitive', 'rank': 'bronze', 'appearance_rate': '12.57', 'win_rate': '49.25'}, {'platform': 'console', 'mode': 'competitive', 'rank': 'celestial and above', 'appearance_rate': '5.24', 'win_rate': '41.91'}, {'platform': 'console', 'mode': 'competitive', 'rank': 'diamond', 'appearance_rate': '10.50', 'win_rate': '45.94'}, {'platform': 'console', 'mode': 'competitive', 'rank': 'gold', 'appearance_rate': '13.09', 'win_rate': '47.98'}, {'platform': 'console', 'mode': 'competitive', 'rank': 'grandmaster', 'appearance_rate': '8.07', 'win_rate': '43.97'}, {'platform': 'console', 'mode': 'competitive', 'rank': 'platinum', 'appearance_rate': '12.07', 'win_rate': '47.18'}, {'platform': 'console', 'mode': 'competitive', 'rank': 'silver', 'appearance_rate': '13.30', 'win_rate': '48.55'}]"
1031,Luna Snow,"[{'platform': 'pc', 'mode': 'quickplay', 'rank': 'all', 'appearance_rate': '12.61', 'win_rate': '48.97'}, {'platform': 'pc', 'mode': 'competitive', 'rank': 'all', 'appearance_rate': '16.65', 'win_rate': '47.88'}, {'platform': 'pc', 'mode': 'competitive', 'rank': 'bronze', 'appearance_rate': '14.04', 'win_rate': '48.57'}, {'platform': 'pc', 'mode': 'competitive', 'rank': 'celestial and above', 'appearance_rate': '19.38', 'win_rate': '49.73'}, {'platform': 'pc', 'mode': 'competitive', 'rank': 'diamond', 'appearance_rate': '18.05', 'win_rate': '48.21'}, {'platform': 'pc', 'mode': 'competitive', 'rank': 'gold', 'appearance_rate': '16.68', 'win_rate': '47.50'}, {'platform': 'pc', 'mode': 'competitive', 'rank': 'grandmaster', 'appearance_rate': '17.46', 'win_rate': '49.02'}, {'platform': 'pc', 'mode': 'competitive', 'rank': 'platinum', 'appearance_rate': '19.01', 'win_rate': '47.36'}, {'platform': 'pc', 'mode': 'competitive', 'rank': 'silver', 'appearance_rate': '15.32', 'win_rate': '47.92'}, {'platform': 'console', 'mode': 'quickplay', 'rank': 'all', 'appearance_rate': '9.49', 'win_rate': '47.78'}, {'platform': 'console', 'mode': 'competitive', 'rank': 'all', 'appearance_rate': '11.02', 'win_rate': '47.29'}, {'platform': 'console', 'mode': 'competitive', 'rank': 'bronze', 'appearance_rate': '9.23', 'win_rate': '48.33'}, {'platform': 'console', 'mode': 'competitive', 'rank': 'celestial and above', 'appearance_rate': '19.01', 'win_rate': '48.13'}, {'platform': 'console', 'mode': 'competitive', 'rank': 'diamond', 'appearance_rate': '12.91', 'win_rate': '46.87'}, {'platform': 'console', 'mode': 'competitive', 'rank': 'gold', 'appearance_rate': '10.35', 'win_rate': '47.18'}, {'platform': 'console', 'mode': 'competitive', 'rank': 'grandmaster', 'appearance_rate': '15.52', 'win_rate': '47.42'}, {'platform': 'console', 'mode': 'competitive', 'rank': 'platinum', 'appearance_rate': '11.70', 'win_rate': '46.70'}, {'platform': 'console', 'mode': 'competitive', 'rank': 'silver', 'appearance_rate': '9.67', 'win_rate': '47.82'}]"
1032,Squirrel Girl,"[{'platform': 'pc', 'mode': 'quickplay', 'rank': 'all', 'appearance_rate': '6.15', 'win_rate': '50.40'}, {'platform': 'pc', 'mode': 'competitive', 'rank': 'all', 'appearance_rate': '5.63', 'win_rate': '46.36'}, {'platform': 'pc', 'mode': 'competitive', 'rank': 'bronze', 'appearance_rate': '5.95', 'win_rate': '47.41'}, {'platform': 'pc', 'mode': 'competitive', 'rank': 'celestial and above', 'appearance_rate': '2.34', 'win_rate': '42.67'}, {'platform': 'pc', 'mode': 'competitive', 'rank': 'diamond', 'appearance_rate': '4.49', 'win_rate': '44.76'}, {'platform': 'pc', 'mode': 'competitive', 'rank': 'gold', 'appearance_rate': '6.02', 'win_rate': '46.28'}, {'platform': 'pc', 'mode': 'competitive', 'rank': 'grandmaster', 'appearance_rate': '3.56', 'win_rate': '43.79'}, {'platform': 'pc', 'mode': 'competitive', 'rank': 'platinum', 'appearance_rate': '5.22', 'win_rate': '45.72'}, {'platform': 'pc', 'mode': 'competitive', 'rank': 'silver', 'appearance_rate': '6.31', 'win_rate': '46.88'}, {'platform': 'console', 'mode': 'quickplay', 'rank': 'all', 'appearance_rate': '5.47', 'win_rate': '49.43'}, {'platform': 'console', 'mode': 'competitive', 'rank': 'all', 'appearance_rate': '6.55', 'win_rate': '47.80'}, {'platform': 'console', 'mode': 'competitive', 'rank': 'bronze', 'appearance_rate': '5.26', 'win_rate': '48.99'}, {'platform': 'console', 'mode': 'competitive', 'rank': 'celestial and above', 'appearance_rate': '3.87', 'win_rate': '43.63'}, {'platform': 'console', 'mode': 'competitive', 'rank': 'diamond', 'appearance_rate': '6.93', 'win_rate': '46.68'}, {'platform': 'console', 'mode': 'competitive', 'rank': 'gold', 'appearance_rate': '7.08', 'win_rate': '47.94'}, {'platform': 'console', 'mode': 'competitive', 'rank': 'grandmaster', 'appearance_rate': '5.80', 'win_rate': '45.18'}, {'platform': 'console', 'mode': 'competitive', 'rank': 'platinum', 'appearance_rate': '7.21', 'win_rate': '47.44'}, {'platform': 'console', 'mode': 'competitive', 'rank': 'silver', 'appearance_rate': '6.38', 'win_rate': '48.44'}]"
1033,Black Widow,"[{'platform': 'pc', 'mode': 'quickplay', 'rank': 'all', 'appearance_rate': '2.76', 'win_rate': '42.31'}, {'platform': 'pc', 'mode': 'competitive', 'rank': 'all', 'appearance_rate': '0.89', 'win_rate': '42.51'}, {'platform': 'pc', 'mode': 'competitive', 'rank': 'bronze', 'appearance_rate': '1.23', 'win_rate': '43.17'}, {'platform': 'pc', 'mode': 'competitive', 'rank': 'celestial and above', 'appearance_rate': '1.29', 'win_rate': '43.03'}, {'platform': 'pc', 'mode': 'competitive', 'rank': 'diamond', 'appearance_rate': '0.85', 'win_rate': '40.52'}, {'platform': 'pc', 'mode': 'competitive', 'rank': 'gold', 'appearance_rate': '0.76', 'win_rate': '42.38'}, {'platform': 'pc', 'mode': 'competitive', 'rank': 'grandmaster', 'appearance_rate': '1.06', 'win_rate': '40.85'}, {'platform': 'pc', 'mode': 'competitive', 'rank': 'platinum', 'appearance_rate': '0.75', 'win_rate': '40.94'}, {'platform': 'pc', 'mode': 'competitive', 'rank': 'silver', 'appearance_rate': '0.84', 'win_rate': '44.38'}, {'platform': 'console', 'mode': 'quickplay', 'rank': 'all', 'appearance_rate': '1.71', 'win_rate': '37.90'}, {'platform': 'console', 'mode': 'competitive', 'rank': 'all', 'appearance_rate': '0.47', 'win_rate': '37.54'}, {'platform': 'console', 'mode': 'competitive', 'rank': 'bronze', 'appearance_rate': '0.70', 'win_rate': '37.79'}, {'platform': 'console', 'mode': 'competitive', 'rank': 'celestial and above', 'appearance_rate': '0.54', 'win_rate': '35.53'}, {'platform': 'console', 'mode': 'competitive', 'rank': 'diamond', 'appearance_rate': '0.41', 'win_rate': '35.64'}, {'platform': 'console', 'mode': 'competitive', 'rank': 'gold', 'appearance_rate': '0.41', 'win_rate': '37.70'}, {'platform': 'console', 'mode': 'competitive', 'rank': 'grandmaster', 'appearance_rate': '0.51', 'win_rate': '36.30'}, {'platform': 'console', 'mode': 'competitive', 'rank': 'platinum', 'appearance_rate': '0.39', 'win_rate': '36.58'}, {'platform': 'console', 'mode': 'competitive', 'rank': 'silver', 'appearance_rate': '0.45', 'win_rate': '39.17'}]"
1034,Iron Man,"[{'platform': 'pc', 'mode': 'quickplay', 'rank': 'all', 'appearance_rate': '5.83', 'win_rate': '50.08'}, {'platform': 'pc', 'mode': 'competitive', 'rank': 'all', 'appearance_rate': '4.56', 'win_rate': '49.35'}, {'platform': 'pc', 'mode': 'competitive', 'rank': 'bronze', 'appearance_rate': '6.48', 'win_rate': '48.18'}, {'platform': 'pc', 'mode': 'competitive', 'rank': 'celestial and above', 'appearance_rate': '1.35', 'win_rate': '52.86'}, {'platform': 'pc', 'mode': 'competitive', 'rank': 'diamond', 'appearance_rate': '2.72', 'win_rate': '51.68'}, {'platform': 'pc', 'mode': 'competitive', 'rank': 'gold', 'appearance_rate': '4.44', 'win_rate': '49.54'}, {'platform': 'pc', 'mode': 'competitive', 'rank': 'grandmaster', 'appearance_rate': '1.98', 'win_rate': '52.29'}, {'platform': 'pc', 'mode': 'competitive', 'rank': 'platinum', 'appearance_rate': '3.49', 'win_rate': '50.50'}, {'platform': 'pc', 'mode': 'competitive', 'rank': 'silver', 'appearance_rate': '5.40', 'win_rate': '48.90'}, {'platform': 'console', 'mode': 'quickplay', 'rank': 'all', 'appearance_rate': '7.41', 'win_rate': '47.69'}, {'platform': 'console', 'mode': 'competitive', 'rank': 'all', 'appearance_rate': '6.10', 'win_rate': '49.47'}, {'platform': 'console', 'mode': 'competitive', 'rank': 'bronze', 'appearance_rate': '8.24', 'win_rate': '48.35'}, {'platform': 'console', 'mode': 'competitive', 'rank': 'celestial and above', 'appearance_rate': '1.99', 'win_rate': '52.74'}, {'platform': 'console', 'mode': 'competitive', 'rank': 'diamond', 'appearance_rate': '3.88', 'win_rate': '51.75'}, {'platform': 'console', 'mode': 'competitive', 'rank': 'gold', 'appearance_rate': '6.15', 'win_rate': '49.45'}, {'platform': 'console', 'mode': 'competitive', 'rank': 'grandmaster', 'appearance_rate': '2.66', 'win_rate': '52.22'}, {'platform': 'console', 'mode': 'competitive', 'rank': 'platinum', 'appearance_rate': '5.10', 'win_rate': '50.69'}, {'platform': 'console', 'mode': 'competitive', 'rank': 'silver', 'appearance_rate': '7.26', 'win_rate': '48.75'}]"
1035,Venom,"[{'platform': 'pc', 'mode': 'quickplay', 'rank': 'all', 'appearance_rate': '14.42', 'win_rate': '50.08'}, {'platform': 'pc', 'mode': 'competitive', 'rank': 'all', 'appearance_rate': '9.95', 'win_rate': '47.64'}, {'platform': 'pc', 'mode': 'competitive', 'rank': 'bronze', 'appearance_rate': '14.34', 'win_rate': '47.89'}, {'platform': 'pc', 'mode': 'competitive', 'rank': 'celestial and above', 'appearance_rate': '4.02', 'win_rate': '49.18'}, {'platform': 'pc', 'mode': 'competitive', 'rank': 'diamond', 'appearance_rate': '6.00', 'win_rate': '47.65'}, {'platform': 'pc', 'mode': 'competitive', 'rank': 'gold', 'appearance_rate': '9.86', 'win_rate': '47.57'}, {'platform': 'pc', 'mode': 'competitive', 'rank': 'grandmaster', 'appearance_rate': '4.94', 'win_rate': '48.91'}, {'platform': 'pc', 'mode': 'competitive', 'rank': 'platinum', 'appearance_rate': '7.83', 'win_rate': '47.38'}, {'platform': 'pc', 'mode': 'competitive', 'rank': 'silver', 'appearance_rate': '11.82', 'win_rate': '47.56'}, {'platform': 'console', 'mode': 'quickplay', 'rank': 'all', 'appearance_rate': '14.10', 'win_rate': '47.76'}, {'platform': 'console', 'mode': 'competitive', 'rank': 'all', 'appearance_rate': '9.07', 'win_rate': '47.16'}, {'platform': 'console', 'mode': 'competitive', 'rank': 'bronze', 'appearance_rate': '13.24', 'win_rate': '47.86'}, {'platform': 'console', 'mode': 'competitive', 'rank': 'celestial and above', 'appearance_rate': '4.28', 'win_rate': '49.34'}, {'platform': 'console', 'mode': 'competitive', 'rank': 'diamond', 'appearance_rate': '6.27', 'win_rate': '46.53'}, {'platform': 'console', 'mode': 'competitive', 'rank': 'gold', 'appearance_rate': '9.25', 'win_rate': '47.03'}, {'platform': 'console', 'mode': 'competitive', 'rank': 'grandmaster', 'appearance_rate': '5.31', 'win_rate': '47.70'}, {'platform': 'console', 'mode': 'competitive', 'rank': 'platinum', 'appearance_rate': '7.57', 'win_rate': '46.65'}, {'platform': 'console', 'mode': 'competitive', 'rank': 'silver', 'appearance_rate': '10.90', 'win_rate': '47.31'}]"
1036,Spider-man,"[{'platform': 'pc', 'mode': 'quickplay', 'rank': 'all', 'appearance_rate': '6.96', 'win_rate': '49.45'}, {'platform': 'pc', 'mode': 'competitive', 'rank': 'all', 'appearance_rate': '4.31', 'win_rate': '51.57'}, {'platform': 'pc', 'mode': 'competitive', 'rank': 'bronze', 'appearance_rate': '4.38', 'win_rate': '52.06'}, {'platform': 'pc', 'mode': 'competitive', 'rank': 'celestial and above', 'appearance_rate': '2.68', 'win_rate': '49.12'}, {'platform': 'pc', 'mode': 'competitive', 'rank': 'diamond', 'appearance_rate': '3.86', 'win_rate': '50.77'}, {'platform': 'pc', 'mode': 'competitive', 'rank': 'gold', 'appearance_rate': '4.51', 'win_rate': '51.56'}, {'platform': 'pc', 'mode': 'competitive', 'rank': 'grandmaster', 'appearance_rate': '3.73', 'win_rate': '50.39'}, {'platform': 'pc', 'mode': 'competitive', 'rank': 'platinum', 'appearance_rate': '4.25', 'win_rate': '51.01'}, {'platform': 'pc', 'mode': 'competitive', 'rank': 'silver', 'appearance_rate': '4.46', 'win_rate': '52.20'}, {'platform': 'console', 'mode': 'quickplay', 'rank': 'all', 'appearance_rate': '7.41', 'win_rate': '47.81'}, {'platform': 'console', 'mode': 'competitive', 'rank': 'all', 'appearance_rate': '5.05', 'win_rate': '50.94'}, {'platform': 'console', 'mode': 'competitive', 'rank': 'bronze', 'appearance_rate': '4.84', 'win_rate': '50.78'}, {'platform': 'console', 'mode': 'competitive', 'rank': 'celestial and above', 'appearance_rate': '4.07', 'win_rate': '50.55'}, {'platform': 'console', 'mode': 'competitive', 'rank': 'diamond', 'appearance_rate': '4.93', 'win_rate': '51.08'}, {'platform': 'console', 'mode': 'competitive', 'rank': 'gold', 'appearance_rate': '5.23', 'win_rate': '50.91'}, {'platform': 'console', 'mode': 'competitive', 'rank': 'grandmaster', 'appearance_rate': '4.89', 'win_rate': '50.95'}, {'platform': 'console', 'mode': 'competitive', 'rank': 'platinum', 'appearance_rate': '5.18', 'win_rate': '50.89'}, {'platform': 'console', 'mode': 'competitive', 'rank': 'silver', 'appearance_rate': '5.03', 'win_rate': '51.07'}]"
1037,Magneto,"[{'platform': 'pc', 'mode': 'quickplay', 'rank': 'all', 'appearance_rate': '12.60', 'win_rate': '50.43'}, {'platform': 'pc', 'mode': 'competitive', 'rank': 'all', 'appearance_rate': '14.25', 'win_rate': '48.49'}, {'platform': 'pc', 'mode': 'competitive', 'rank': 'bronze', 'appearance_rate': '10.93', 'win_rate': '49.17'}, {'platform': 'pc', 'mode': 'competitive', 'rank': 'celestial and above', 'appearance_rate': '32.86', 'win_rate': '49.96'}, {'platform': 'pc', 'mode': 'competitive', 'rank': 'diamond', 'appearance_rate': '20.89', 'win_rate': '48.59'}, {'platform': 'pc', 'mode': 'competitive', 'rank': 'gold', 'appearance_rate': '12.67', 'win_rate': '48.09'}, {'platform': 'pc', 'mode': 'competitive', 'rank': 'grandmaster', 'appearance_rate': '27.05', 'win_rate': '49.34'}, {'platform': 'pc', 'mode': 'competitive', 'rank': 'platinum', 'appearance_rate': '15.29', 'win_rate': '48.16'}, {'platform': 'pc', 'mode': 'competitive', 'rank': 'silver', 'appearance_rate': '11.49', 'win_rate': '48.42'}, {'platform': 'console', 'mode': 'quickplay', 'rank': 'all', 'appearance_rate': '12.14', 'win_rate': '49.82'}, {'platform': 'console', 'mode': 'competitive', 'rank': 'all', 'appearance_rate': '13.25', 'win_rate': '48.88'}, {'platform': 'console', 'mode': 'competitive', 'rank': 'bronze', 'appearance_rate': '11.29', 'win_rate': '50.07'}, {'platform': 'console', 'mode': 'competitive', 'rank': 'celestial and above', 'appearance_rate': '25.58', 'win_rate': '48.87'}, {'platform': 'console', 'mode': 'competitive', 'rank': 'diamond', 'appearance_rate': '16.47', 'win_rate': '48.23'}, {'platform': 'console', 'mode': 'competitive', 'rank': 'gold', 'appearance_rate': '12.11', 'win_rate': '48.93'}, {'platform': 'console', 'mode': 'competitive', 'rank': 'grandmaster', 'appearance_rate': '20.73', 'win_rate': '48.47'}, {'platform': 'console', 'mode': 'competitive', 'rank': 'platinum', 'appearance_rate': '13.09', 'win_rate': '48.42'}, {'platform': 'console', 'mode': 'competitive', 'rank': 'silver', 'appearance_rate': '11.62', 'win_rate': '49.50'}]"
1038,Scarlet Witch,"[{'platform': 'pc', 'mode': 'quickplay', 'rank': 'all', 'appearance_rate': '6.06', 'win_rate': '50.48'}, {'platform': 'pc', 'mode': 'competitive', 'rank': 'all', 'appearance_rate': '4.59', 'win_rate': '46.90'}, {'platform': 'pc', 'mode': 'competitive', 'rank': 'bronze', 'appearance_rate': '7.21', 'win_rate': '47.31'}, {'platform': 'pc', 'mode': 'competitive', 'rank': 'celestial and above', 'appearance_rate': '1.10', 'win_rate': '45.85'}, {'platform': 'pc', 'mode': 'competitive', 'rank': 'diamond', 'appearance_rate': '2.15', 'win_rate': '47.20'}, {'platform': 'pc', 'mode': 'competitive', 'rank': 'gold', 'appearance_rate': '4.34', 'win_rate': '46.60'}, {'platform': 'pc', 'mode': 'competitive', 'rank': 'grandmaster', 'appearance_rate': '1.66', 'win_rate': '47.20'}, {'platform': 'pc', 'mode': 'competitive', 'rank': 'platinum', 'appearance_rate': '3.04', 'win_rate': '46.76'}, {'platform': 'pc', 'mode': 'competitive', 'rank': 'silver', 'appearance_rate': '5.81', 'win_rate': '46.68'}, {'platform': 'console', 'mode': 'quickplay', 'rank': 'all', 'appearance_rate': '7.26', 'win_rate': '49.68'}, {'platform': 'console', 'mode': 'competitive', 'rank': 'all', 'appearance_rate': '8.14', 'win_rate': '48.70'}, {'platform': 'console', 'mode': 'competitive', 'rank': 'bronze', 'appearance_rate': '9.18', 'win_rate': '49.55'}, {'platform': 'console', 'mode': 'competitive', 'rank': 'celestial and above', 'appearance_rate': '2.61', 'win_rate': '47.34'}, {'platform': 'console', 'mode': 'competitive', 'rank': 'diamond', 'appearance_rate': '5.96', 'win_rate': '48.05'}, {'platform': 'console', 'mode': 'competitive', 'rank': 'gold', 'appearance_rate': '8.70', 'win_rate': '48.55'}, {'platform': 'console', 'mode': 'competitive', 'rank': 'grandmaster', 'appearance_rate': '4.39', 'win_rate': '47.89'}, {'platform': 'console', 'mode': 'competitive', 'rank': 'platinum', 'appearance_rate': '7.45', 'win_rate': '48.22'}, {'platform': 'console', 'mode': 'competitive', 'rank': 'silver', 'appearance_rate': '9.49', 'win_rate': '48.83'}]"
1039,Thor,"[{'platform': 'pc', 'mode': 'quickplay', 'rank': 'all', 'appearance_rate': '13.23', 'win_rate': '54.71'}, {'platform': 'pc', 'mode': 'competitive', 'rank': 'all', 'appearance_rate': '12.11', 'win_rate': '52.52'}, {'platform': 'pc', 'mode': 'competitive', 'rank': 'bronze', 'appearance_rate': '12.11', 'win_rate': '52.78'}, {'platform': 'pc', 'mode': 'competitive', 'rank': 'celestial and above', 'appearance_rate': '6.46', 'win_rate': '51.26'}, {'platform': 'pc', 'mode': 'competitive', 'rank': 'diamond', 'appearance_rate': '11.21', 'win_rate': '51.98'}, {'platform': 'pc', 'mode': 'competitive', 'rank': 'gold', 'appearance_rate': '12.63', 'win_rate': '52.63'}, {'platform': 'pc', 'mode': 'competitive', 'rank': 'grandmaster', 'appearance_rate': '9.21', 'win_rate': '51.70'}, {'platform': 'pc', 'mode': 'competitive', 'rank': 'platinum', 'appearance_rate': '12.29', 'win_rate': '52.45'}, {'platform': 'pc', 'mode': 'competitive', 'rank': 'silver', 'appearance_rate': '12.43', 'win_rate': '52.63'}, {'platform': 'console', 'mode': 'quickplay', 'rank': 'all', 'appearance_rate': '13.22', 'win_rate': '52.85'}, {'platform': 'console', 'mode': 'competitive', 'rank': 'all', 'appearance_rate': '12.98', 'win_rate': '52.19'}, {'platform': 'console', 'mode': 'competitive', 'rank': 'bronze', 'appearance_rate': '12.40', 'win_rate': '52.57'}, {'platform': 'console', 'mode': 'competitive', 'rank': 'celestial and above', 'appearance_rate': '10.08', 'win_rate': '51.35'}, {'platform': 'console', 'mode': 'competitive', 'rank': 'diamond', 'appearance_rate': '13.59', 'win_rate': '51.77'}, {'platform': 'console', 'mode': 'competitive', 'rank': 'gold', 'appearance_rate': '13.03', 'win_rate': '52.31'}, {'platform': 'console', 'mode': 'competitive', 'rank': 'grandmaster', 'appearance_rate': '13.05', 'win_rate': '51.72'}, {'platform': 'console', 'mode': 'competitive', 'rank': 'platinum', 'appearance_rate': '13.19', 'win_rate': '52.13'}, {'platform': 'console', 'mode': 'competitive', 'rank': 'silver', 'appearance_rate': '12.69', 'win_rate': '52.33'}]"
1040,Mister Fantastic,"[{'platform': 'pc', 'mode': 'quickplay', 'rank': 'all', 'appearance_rate': '5.03', 'win_rate': '53.99'}, {'platform': 'pc', 'mode': 'competitive', 'rank': 'all', 'appearance_rate': '2.86', 'win_rate': '52.17'}, {'platform': 'pc', 'mode': 'competitive', 'rank': 'bronze', 'appearance_rate': '4.68', 'win_rate': '53.45'}, {'platform': 'pc', 'mode': 'competitive', 'rank': 'celestial and above', 'appearance_rate': '1.65', 'win_rate': '50.48'}, {'platform': 'pc', 'mode': 'competitive', 'rank': 'diamond', 'appearance_rate': '1.62', 'win_rate': '50.88'}, {'platform': 'pc', 'mode': 'competitive', 'rank': 'gold', 'appearance_rate': '2.56', 'win_rate': '51.42'}, {'platform': 'pc', 'mode': 'competitive', 'rank': 'grandmaster', 'appearance_rate': '1.69', 'win_rate': '50.63'}, {'platform': 'pc', 'mode': 'competitive', 'rank': 'platinum', 'appearance_rate': '1.88', 'win_rate': '50.98'}, {'platform': 'pc', 'mode': 'competitive', 'rank': 'silver', 'appearance_rate': '3.37', 'win_rate': '52.30'}, {'platform': 'console', 'mode': 'quickplay', 'rank': 'all', 'appearance_rate': '6.11', 'win_rate': '53.50'}, {'platform': 'console', 'mode': 'competitive', 'rank': 'all', 'appearance_rate': '4.90', 'win_rate': '53.33'}, {'platform': 'console', 'mode': 'competitive', 'rank': 'bronze', 'appearance_rate': '7.02', 'win_rate': '54.39'}, {'platform': 'console', 'mode': 'competitive', 'rank': 'celestial and above', 'appearance_rate': '3.10', 'win_rate': '51.45'}, {'platform': 'console', 'mode': 'competitive', 'rank': 'diamond', 'appearance_rate': '3.28', 'win_rate': '52.31'}, {'platform': 'console', 'mode': 'competitive', 'rank': 'gold', 'appearance_rate': '4.77', 'win_rate': '53.00'}, {'platform': 'console', 'mode': 'competitive', 'rank': 'grandmaster', 'appearance_rate': '3.27', 'win_rate': '52.07'}, {'platform': 'console', 'mode': 'competitive', 'rank': 'platinum', 'appearance_rate': '3.76', 'win_rate': '52.47'}, {'platform': 'console', 'mode': 'competitive', 'rank': 'silver', 'appearance_rate': '5.71', 'win_rate': '53.58'}]"
1041,Winter Soldier,"[{'platform': 'pc', 'mode': 'quickplay', 'rank': 'all', 'appearance_rate': '8.09', 'win_rate': '50.38'}, {'platform': 'pc', 'mode': 'competitive', 'rank': 'all', 'appearance_rate': '10.06', 'win_rate': '51.28'}, {'platform': 'pc', 'mode': 'competitive', 'rank': 'bronze', 'appearance_rate': '7.24', 'win_rate': '51.51'}, {'platform': 'pc', 'mode': 'competitive', 'rank': 'celestial and above', 'appearance_rate': '17.10', 'win_rate': '48.48'}, {'platform': 'pc', 'mode': 'competitive', 'rank': 'diamond', 'appearance_rate': '14.46', 'win_rate': '50.83'}, {'platform': 'pc', 'mode': 'competitive', 'rank': 'gold', 'appearance_rate': '9.51', 'win_rate': '51.53'}, {'platform': 'pc', 'mode': 'competitive', 'rank': 'grandmaster', 'appearance_rate': '17.18', 'win_rate': '49.90'}, {'platform': 'pc', 'mode': 'competitive', 'rank': 'platinum', 'appearance_rate': '11.40', 'win_rate': '51.27'}, {'platform': 'pc', 'mode': 'competitive', 'rank': 'silver', 'appearance_rate': '8.28', 'win_rate': '51.77'}, {'platform': 'console', 'mode': 'quickplay', 'rank': 'all', 'appearance_rate': '8.16', 'win_rate': '48.66'}, {'platform': 'console', 'mode': 'competitive', 'rank': 'all', 'appearance_rate': '9.25', 'win_rate': '51.17'}, {'platform': 'console', 'mode': 'competitive', 'rank': 'bronze', 'appearance_rate': '7.31', 'win_rate': '50.69'}, {'platform': 'console', 'mode': 'competitive', 'rank': 'celestial and above', 'appearance_rate': '18.54', 'win_rate': '49.28'}, {'platform': 'console', 'mode': 'competitive', 'rank': 'diamond', 'appearance_rate': '12.66', 'win_rate': '51.10'}, {'platform': 'console', 'mode': 'competitive', 'rank': 'gold', 'appearance_rate': '8.42', 'win_rate': '51.51'}, {'platform': 'console', 'mode': 'competitive', 'rank': 'grandmaster', 'appearance_rate': '16.20', 'win_rate': '50.48'}, {'platform': 'console', 'mode': 'competitive', 'rank': 'platinum', 'appearance_rate': '9.84', 'win_rate': '51.36'}, {'platform': 'console', 'mode': 'competitive', 'rank': 'silver', 'appearance_rate': '7.66', 'win_rate': '51.37'}]"
1042,Peni Parker,"[{'platform': 'pc', 'mode': 'quickplay', 'rank': 'all', 'appearance_rate': '14.29', 'win_rate': '54.82'}, {'platform': 'pc', 'mode': 'competitive', 'rank': 'all', 'appearance_rate': '13.03', 'win_rate': '51.49'}, {'platform': 'pc', 'mode': 'competitive', 'rank': 'bronze', 'appearance_rate': '16.88', 'win_rate': '52.12'}, {'platform': 'pc', 'mode': 'competitive', 'rank': 'celestial and above', 'appearance_rate': '1.41', 'win_rate': '48.34'}, {'platform': 'pc', 'mode': 'competitive', 'rank': 'diamond', 'appearance_rate': '6.91', 'win_rate': '50.42'}, {'platform': 'pc', 'mode': 'competitive', 'rank': 'gold', 'appearance_rate': '14.09', 'win_rate': '51.46'}, {'platform': 'pc', 'mode': 'competitive', 'rank': 'grandmaster', 'appearance_rate': '3.63', 'win_rate': '49.59'}, {'platform': 'pc', 'mode': 'competitive', 'rank': 'platinum', 'appearance_rate': '10.98', 'win_rate': '51.25'}, {'platform': 'pc', 'mode': 'competitive', 'rank': 'silver', 'appearance_rate': '16.00', 'win_rate': '51.50'}, {'platform': 'console', 'mode': 'quickplay', 'rank': 'all', 'appearance_rate': '15.98', 'win_rate': '54.17'}, {'platform': 'console', 'mode': 'competitive', 'rank': 'all', 'appearance_rate': '17.02', 'win_rate': '51.63'}, {'platform': 'console', 'mode': 'competitive', 'rank': 'bronze', 'appearance_rate': '19.95', 'win_rate': '53.32'}, {'platform': 'console', 'mode': 'competitive', 'rank': 'celestial and above', 'appearance_rate': '2.76', 'win_rate': '46.40'}, {'platform': 'console', 'mode': 'competitive', 'rank': 'diamond', 'appearance_rate': '11.75', 'win_rate': '49.91'}, {'platform': 'console', 'mode': 'competitive', 'rank': 'gold', 'appearance_rate': '19.02', 'win_rate': '51.65'}, {'platform': 'console', 'mode': 'competitive', 'rank': 'grandmaster', 'appearance_rate': '7.03', 'win_rate': '48.32'}, {'platform': 'console', 'mode': 'competitive', 'rank': 'platinum', 'appearance_rate': '16.27', 'win_rate': '50.93'}, {'platform': 'console', 'mode': 'competitive', 'rank': 'silver', 'appearance_rate': '20.29', 'win_rate': '52.17'}]"
1043,Star-lord,"[{'platform': 'pc', 'mode': 'quickplay', 'rank': 'all', 'appearance_rate': '5.90', 'win_rate': '49.15'}, {'platform': 'pc', 'mode': 'competitive', 'rank': 'all', 'appearance_rate': '5.17', 'win_rate': '48.61'}, {'platform': 'pc', 'mode': 'competitive', 'rank': 'bronze', 'appearance_rate': '6.32', 'win_rate': '47.93'}, {'platform': 'pc', 'mode': 'competitive', 'rank': 'celestial and above', 'appearance_rate': '6.70', 'win_rate': '49.83'}, {'platform': 'pc', 'mode': 'competitive', 'rank': 'diamond', 'appearance_rate': '4.70', 'win_rate': '49.49'}, {'platform': 'pc', 'mode': 'competitive', 'rank': 'gold', 'appearance_rate': '4.80', 'win_rate': '48.59'}, {'platform': 'pc', 'mode': 'competitive', 'rank': 'grandmaster', 'appearance_rate': '5.65', 'win_rate': '50.52'}, {'platform': 'pc', 'mode': 'competitive', 'rank': 'platinum', 'appearance_rate': '4.45', 'win_rate': '48.95'}, {'platform': 'pc', 'mode': 'competitive', 'rank': 'silver', 'appearance_rate': '5.36', 'win_rate': '48.31'}, {'platform': 'console', 'mode': 'quickplay', 'rank': 'all', 'appearance_rate': '6.00', 'win_rate': '46.91'}, {'platform': 'console', 'mode': 'competitive', 'rank': 'all', 'appearance_rate': '5.11', 'win_rate': '48.02'}, {'platform': 'console', 'mode': 'competitive', 'rank': 'bronze', 'appearance_rate': '6.38', 'win_rate': '47.37'}, {'platform': 'console', 'mode': 'competitive', 'rank': 'celestial and above', 'appearance_rate': '5.23', 'win_rate': '49.95'}, {'platform': 'console', 'mode': 'competitive', 'rank': 'diamond', 'appearance_rate': '4.36', 'win_rate': '48.67'}, {'platform': 'console', 'mode': 'competitive', 'rank': 'gold', 'appearance_rate': '4.89', 'win_rate': '48.09'}, {'platform': 'console', 'mode': 'competitive', 'rank': 'grandmaster', 'appearance_rate': '4.63', 'win_rate': '49.34'}, {'platform': 'console', 'mode': 'competitive', 'rank': 'platinum', 'appearance_rate': '4.42', 'win_rate': '48.34'}, {'platform': 'console', 'mode': 'competitive', 'rank': 'silver', 'appearance_rate': '5.49', 'win_rate': '47.80'}]"
1045,Namor,"[{'platform': 'pc', 'mode': 'quickplay', 'rank': 'all', 'appearance_rate': '4.19', 'win_rate': '50.72'}, {'platform': 'pc', 'mode': 'competitive', 'rank': 'all', 'appearance_rate': '7.07', 'win_rate': '48.21'}, {'platform': 'pc', 'mode': 'competitive', 'rank': 'bronze', 'appearance_rate': '4.69', 'win_rate': '50.33'}, {'platform': 'pc', 'mode': 'competitive', 'rank': 'celestial and above', 'appearance_rate': '11.41', 'win_rate': '49.68'}, {'platform': 'pc', 'mode': 'competitive', 'rank': 'diamond', 'appearance_rate': '9.49', 'win_rate': '47.48'}, {'platform': 'pc', 'mode': 'competitive', 'rank': 'gold', 'appearance_rate': '7.07', 'win_rate': '47.87'}, {'platform': 'pc', 'mode': 'competitive', 'rank': 'grandmaster', 'appearance_rate': '9.60', 'win_rate': '48.04'}, {'platform': 'pc', 'mode': 'competitive', 'rank': 'platinum', 'appearance_rate': '8.72', 'win_rate': '47.37'}, {'platform': 'pc', 'mode': 'competitive', 'rank': 'silver', 'appearance_rate': '5.85', 'win_rate': '48.93'}, {'platform': 'console', 'mode': 'quickplay', 'rank': 'all', 'appearance_rate': '4.00', 'win_rate': '49.68'}, {'platform': 'console', 'mode': 'competitive', 'rank': 'all', 'appearance_rate': '6.79', 'win_rate': '47.81'}, {'platform': 'console', 'mode': 'competitive', 'rank': 'bronze', 'appearance_rate': '4.60', 'win_rate': '49.82'}, {'platform': 'console', 'mode': 'competitive', 'rank': 'celestial and above', 'appearance_rate': '10.53', 'win_rate': '47.51'}, {'platform': 'console', 'mode': 'competitive', 'rank': 'diamond', 'appearance_rate': '8.97', 'win_rate': '46.65'}, {'platform': 'console', 'mode': 'competitive', 'rank': 'gold', 'appearance_rate': '6.71', 'win_rate': '47.94'}, {'platform': 'console', 'mode': 'competitive', 'rank': 'grandmaster', 'appearance_rate': '9.36', 'win_rate': '46.70'}, {'platform': 'console', 'mode': 'competitive', 'rank': 'platinum', 'appearance_rate': '7.99', 'win_rate': '47.10'}, {'platform': 'console', 'mode': 'competitive', 'rank': 'silver', 'appearance_rate': '5.67', 'win_rate': '48.75'}]"
1046,Adam Warlock,"[{'platform': 'pc', 'mode': 'quickplay', 'rank': 'all', 'appearance_rate': '6.59', 'win_rate': '52.42'}, {'platform': 'pc', 'mode': 'competitive', 'rank': 'all', 'appearance_rate': '3.35', 'win_rate': '50.82'}, {'platform': 'pc', 'mode': 'competitive', 'rank': 'bronze', 'appearance_rate': '4.94', 'win_rate': '51.66'}, {'platform': 'pc', 'mode': 'competitive', 'rank': 'celestial and above', 'appearance_rate': '2.23', 'win_rate': '49.71'}, {'platform': 'pc', 'mode': 'competitive', 'rank': 'diamond', 'appearance_rate': '2.09', 'win_rate': '48.74'}, {'platform': 'pc', 'mode': 'competitive', 'rank': 'gold', 'appearance_rate': '3.25', 'win_rate': '50.70'}, {'platform': 'pc', 'mode': 'competitive', 'rank': 'grandmaster', 'appearance_rate': '2.17', 'win_rate': '49.14'}, {'platform': 'pc', 'mode': 'competitive', 'rank': 'platinum', 'appearance_rate': '2.48', 'win_rate': '49.88'}, {'platform': 'pc', 'mode': 'competitive', 'rank': 'silver', 'appearance_rate': '4.05', 'win_rate': '51.50'}, {'platform': 'console', 'mode': 'quickplay', 'rank': 'all', 'appearance_rate': '6.60', 'win_rate': '51.26'}, {'platform': 'console', 'mode': 'competitive', 'rank': 'all', 'appearance_rate': '3.93', 'win_rate': '50.49'}, {'platform': 'console', 'mode': 'competitive', 'rank': 'bronze', 'appearance_rate': '5.69', 'win_rate': '51.60'}, {'platform': 'console', 'mode': 'competitive', 'rank': 'celestial and above', 'appearance_rate': '1.55', 'win_rate': '48.56'}, {'platform': 'console', 'mode': 'competitive', 'rank': 'diamond', 'appearance_rate': '2.47', 'win_rate': '48.07'}, {'platform': 'console', 'mode': 'competitive', 'rank': 'gold', 'appearance_rate': '4.10', 'win_rate': '50.66'}, {'platform': 'console', 'mode': 'competitive', 'rank': 'grandmaster', 'appearance_rate': '2.02', 'win_rate': '47.75'}, {'platform': 'console', 'mode': 'competitive', 'rank': 'platinum', 'appearance_rate': '3.11', 'win_rate': '49.60'}, {'platform': 'console', 'mode': 'competitive', 'rank': 'silver', 'appearance_rate': '4.91', 'win_rate': '51.18'}]"
1047,Jeff The Land Shark,"[{'platform': 'pc', 'mode': 'quickplay', 'rank': 'all', 'appearance_rate': '11.39', 'win_rate': '44.61'}, {'platform': 'pc', 'mode': 'competitive', 'rank': 'all', 'appearance_rate': '5.42', 'win_rate': '43.17'}, {'platform': 'pc', 'mode': 'competitive', 'rank': 'bronze', 'appearance_rate': '9.91', 'win_rate': '43.25'}, {'platform': 'pc', 'mode': 'competitive', 'rank': 'celestial and above', 'appearance_rate': '2.61', 'win_rate': '49.43'}, {'platform': 'pc', 'mode': 'competitive', 'rank': 'diamond', 'appearance_rate': '2.41', 'win_rate': '43.75'}, {'platform': 'pc', 'mode': 'competitive', 'rank': 'gold', 'appearance_rate': '4.84', 'win_rate': '42.88'}, {'platform': 'pc', 'mode': 'competitive', 'rank': 'grandmaster', 'appearance_rate': '2.35', 'win_rate': '46.20'}, {'platform': 'pc', 'mode': 'competitive', 'rank': 'platinum', 'appearance_rate': '3.23', 'win_rate': '43.26'}, {'platform': 'pc', 'mode': 'competitive', 'rank': 'silver', 'appearance_rate': '7.01', 'win_rate': '42.90'}, {'platform': 'console', 'mode': 'quickplay', 'rank': 'all', 'appearance_rate': '12.51', 'win_rate': '43.24'}, {'platform': 'console', 'mode': 'competitive', 'rank': 'all', 'appearance_rate': '6.22', 'win_rate': '42.66'}, {'platform': 'console', 'mode': 'competitive', 'rank': 'bronze', 'appearance_rate': '10.74', 'win_rate': '43.57'}, {'platform': 'console', 'mode': 'competitive', 'rank': 'celestial and above', 'appearance_rate': '2.12', 'win_rate': '46.67'}, {'platform': 'console', 'mode': 'competitive', 'rank': 'diamond', 'appearance_rate': '3.10', 'win_rate': '41.69'}, {'platform': 'console', 'mode': 'competitive', 'rank': 'gold', 'appearance_rate': '6.17', 'win_rate': '42.19'}, {'platform': 'console', 'mode': 'competitive', 'rank': 'grandmaster', 'appearance_rate': '2.47', 'win_rate': '43.48'}, {'platform': 'console', 'mode': 'competitive', 'rank': 'platinum', 'appearance_rate': '4.30', 'win_rate': '41.65'}, {'platform': 'console', 'mode': 'competitive', 'rank': 'silver', 'appearance_rate': '8.26', 'win_rate': '42.92'}]"
1048,Psylocke,"[{'platform': 'pc', 'mode': 'quickplay', 'rank': 'all', 'appearance_rate': '6.50', 'win_rate': '50.17'}, {'platform': 'pc', 'mode': 'competitive', 'rank': 'all', 'appearance_rate': '7.01', 'win_rate': '51.10'}, {'platform': 'pc', 'mode': 'competitive', 'rank': 'bronze', 'appearance_rate': '6.78', 'win_rate': '50.93'}, {'platform': 'pc', 'mode': 'competitive', 'rank': 'celestial and above', 'appearance_rate': '7.91', 'win_rate': '50.80'}, {'platform': 'pc', 'mode': 'competitive', 'rank': 'diamond', 'appearance_rate': '7.53', 'win_rate': '51.00'}, {'platform': 'pc', 'mode': 'competitive', 'rank': 'gold', 'appearance_rate': '6.93', 'win_rate': '51.24'}, {'platform': 'pc', 'mode': 'competitive', 'rank': 'grandmaster', 'appearance_rate': '7.84', 'win_rate': '50.79'}, {'platform': 'pc', 'mode': 'competitive', 'rank': 'platinum', 'appearance_rate': '7.09', 'win_rate': '51.11'}, {'platform': 'pc', 'mode': 'competitive', 'rank': 'silver', 'appearance_rate': '6.79', 'win_rate': '51.21'}, {'platform': 'console', 'mode': 'quickplay', 'rank': 'all', 'appearance_rate': '4.74', 'win_rate': '46.81'}, {'platform': 'console', 'mode': 'competitive', 'rank': 'all', 'appearance_rate': '4.35', 'win_rate': '48.96'}, {'platform': 'console', 'mode': 'competitive', 'rank': 'bronze', 'appearance_rate': '4.38', 'win_rate': '48.50'}, {'platform': 'console', 'mode': 'competitive', 'rank': 'celestial and above', 'appearance_rate': '5.30', 'win_rate': '49.76'}, {'platform': 'console', 'mode': 'competitive', 'rank': 'diamond', 'appearance_rate': '4.54', 'win_rate': '49.27'}, {'platform': 'console', 'mode': 'competitive', 'rank': 'gold', 'appearance_rate': '4.26', 'win_rate': '48.92'}, {'platform': 'console', 'mode': 'competitive', 'rank': 'grandmaster', 'appearance_rate': '4.91', 'win_rate': '49.50'}, {'platform': 'console', 'mode': 'competitive', 'rank': 'platinum', 'appearance_rate': '4.26', 'win_rate': '49.23'}, {'platform': 'console', 'mode': 'competitive', 'rank': 'silver', 'appearance_rate': '4.27', 'win_rate': '48.78'}]"
1049,Wolverine,"[{'platform': 'pc', 'mode': 'quickplay', 'rank': 'all', 'appearance_rate': '3.69', 'win_rate': '49.41'}, {'platform': 'pc', 'mode': 'competitive', 'rank': 'all', 'appearance_rate': '3.33', 'win_rate': '51.10'}, {'platform': 'pc', 'mode': 'competitive', 'rank': 'bronze', 'appearance_rate': '2.27', 'win_rate': '49.29'}, {'platform': 'pc', 'mode': 'competitive', 'rank': 'celestial and above', 'appearance_rate': '3.42', 'win_rate': '54.61'}, {'platform': 'pc', 'mode': 'competitive', 'rank': 'diamond', 'appearance_rate': '4.07', 'win_rate': '53.29'}, {'platform': 'pc', 'mode': 'competitive', 'rank': 'gold', 'appearance_rate': '3.43', 'win_rate': '50.65'}, {'platform': 'pc', 'mode': 'competitive', 'rank': 'grandmaster', 'appearance_rate': '2.83', 'win_rate': '54.84'}, {'platform': 'pc', 'mode': 'competitive', 'rank': 'platinum', 'appearance_rate': '4.48', 'win_rate': '51.33'}, {'platform': 'pc', 'mode': 'competitive', 'rank': 'silver', 'appearance_rate': '2.75', 'win_rate': '50.25'}, {'platform': 'console', 'mode': 'quickplay', 'rank': 'all', 'appearance_rate': '3.96', 'win_rate': '48.07'}, {'platform': 'console', 'mode': 'competitive', 'rank': 'all', 'appearance_rate': '3.30', 'win_rate': '50.78'}, {'platform': 'console', 'mode': 'competitive', 'rank': 'bronze', 'appearance_rate': '2.42', 'win_rate': '48.73'}, {'platform': 'console', 'mode': 'competitive', 'rank': 'celestial and above', 'appearance_rate': '4.06', 'win_rate': '54.63'}, {'platform': 'console', 'mode': 'competitive', 'rank': 'diamond', 'appearance_rate': '4.26', 'win_rate': '52.77'}, {'platform': 'console', 'mode': 'competitive', 'rank': 'gold', 'appearance_rate': '3.18', 'win_rate': '50.26'}, {'platform': 'console', 'mode': 'competitive', 'rank': 'grandmaster', 'appearance_rate': '3.43', 'win_rate': '54.15'}, {'platform': 'console', 'mode': 'competitive', 'rank': 'platinum', 'appearance_rate': '4.16', 'win_rate': '50.99'}, {'platform': 'console', 'mode': 'competitive', 'rank': 'silver', 'appearance_rate': '2.66', 'win_rate': '49.79'}]"
1050,Invisible Woman,"[{'platform': 'pc', 'mode': 'quickplay', 'rank': 'all', 'appearance_rate': '18.12', 'win_rate': '50.17'}, {'platform': 'pc', 'mode': 'competitive', 'rank': 'all', 'appearance_rate': '16.31', 'win_rate': '48.68'}, {'platform': 'pc', 'mode': 'competitive', 'rank': 'bronze', 'appearance_rate': '18.04', 'win_rate': '49.89'}, {'platform': 'pc', 'mode': 'competitive', 'rank': 'celestial and above', 'appearance_rate': '20.63', 'win_rate': '48.09'}, {'platform': 'pc', 'mode': 'competitive', 'rank': 'diamond', 'appearance_rate': '17.75', 'win_rate': '47.83'}, {'platform': 'pc', 'mode': 'competitive', 'rank': 'gold', 'appearance_rate': '15.19', 'win_rate': '48.46'}, {'platform': 'pc', 'mode': 'competitive', 'rank': 'grandmaster', 'appearance_rate': '20.98', 'win_rate': '48.00'}, {'platform': 'pc', 'mode': 'competitive', 'rank': 'platinum', 'appearance_rate': '14.50', 'win_rate': '48.25'}, {'platform': 'pc', 'mode': 'competitive', 'rank': 'silver', 'appearance_rate': '16.17', 'win_rate': '48.93'}, {'platform': 'console', 'mode': 'quickplay', 'rank': 'all', 'appearance_rate': '20.08', 'win_rate': '49.98'}, {'platform': 'console', 'mode': 'competitive', 'rank': 'all', 'appearance_rate': '19.22', 'win_rate': '48.80'}, {'platform': 'console', 'mode': 'competitive', 'rank': 'bronze', 'appearance_rate': '20.78', 'win_rate': '50.01'}, {'platform': 'console', 'mode': 'competitive', 'rank': 'celestial and above', 'appearance_rate': '22.73', 'win_rate': '48.32'}, {'platform': 'console', 'mode': 'competitive', 'rank': 'diamond', 'appearance_rate': '20.44', 'win_rate': '48.22'}, {'platform': 'console', 'mode': 'competitive', 'rank': 'gold', 'appearance_rate': '18.24', 'win_rate': '48.61'}, {'platform': 'console', 'mode': 'competitive', 'rank': 'grandmaster', 'appearance_rate': '23.05', 'win_rate': '48.34'}, {'platform': 'console', 'mode': 'competitive', 'rank': 'platinum', 'appearance_rate': '17.63', 'win_rate': '48.29'}, {'platform': 'console', 'mode': 'competitive', 'rank': 'silver', 'appearance_rate': '19.02', 'win_rate': '49.14'}]"
1051,The Thing,
1052,Iron Fist,"[{'platform': 'pc', 'mode': 'quickplay', 'rank': 'all', 'appearance_rate': '3.11', 'win_rate': '49.95'}, {'platform': 'pc', 'mode': 'competitive', 'rank': 'all', 'appearance_rate': '1.85', 'win_rate': '49.61'}, {'platform': 'pc', 'mode': 'competitive', 'rank': 'bronze', 'appearance_rate': '2.56', 'win_rate': '48.69'}, {'platform': 'pc', 'mode': 'competitive', 'rank': 'celestial and above', 'appearance_rate': '1.86', 'win_rate': '51.53'}, {'platform': 'pc', 'mode': 'competitive', 'rank': 'diamond', 'appearance_rate': '1.49', 'win_rate': '51.45'}, {'platform': 'pc', 'mode': 'competitive', 'rank': 'gold', 'appearance_rate': '1.66', 'win_rate': '49.55'}, {'platform': 'pc', 'mode': 'competitive', 'rank': 'grandmaster', 'appearance_rate': '1.92', 'win_rate': '52.43'}, {'platform': 'pc', 'mode': 'competitive', 'rank': 'platinum', 'appearance_rate': '1.45', 'win_rate': '50.25'}, {'platform': 'pc', 'mode': 'competitive', 'rank': 'silver', 'appearance_rate': '2.00', 'win_rate': '49.11'}, {'platform': 'console', 'mode': 'quickplay', 'rank': 'all', 'appearance_rate': '3.77', 'win_rate': '48.42'}, {'platform': 'console', 'mode': 'competitive', 'rank': 'all', 'appearance_rate': '2.52', 'win_rate': '50.25'}, {'platform': 'console', 'mode': 'competitive', 'rank': 'bronze', 'appearance_rate': '3.28', 'win_rate': '49.66'}, {'platform': 'console', 'mode': 'competitive', 'rank': 'celestial and above', 'appearance_rate': '2.48', 'win_rate': '53.39'}, {'platform': 'console', 'mode': 'competitive', 'rank': 'diamond', 'appearance_rate': '1.99', 'win_rate': '51.39'}, {'platform': 'console', 'mode': 'competitive', 'rank': 'gold', 'appearance_rate': '2.39', 'win_rate': '50.11'}, {'platform': 'console', 'mode': 'competitive', 'rank': 'grandmaster', 'appearance_rate': '2.30', 'win_rate': '52.50'}, {'platform': 'console', 'mode': 'competitive', 'rank': 'platinum', 'appearance_rate': '2.09', 'win_rate': '50.35'}, {'platform': 'console', 'mode': 'competitive', 'rank': 'silver', 'appearance_rate': '2.78', 'win_rate': '50.00'}]"
